<?xml version="1.0" encoding="utf-8"?>
<ConfigRoot>
    <SupportUid>
        <PayType id="502">
			<Uid id="30566243" />
			<Uid id="215043174" />
			<Uid id="106729028" />
			<Uid id="30566462" />
			<Uid id="30566533" />
			<Uid id="30566544" />
			<Uid id="30566516" />
			<Uid id="207431546" />
			<Uid id="16322428" />
			<Uid id="3982534" />
			<Uid id="29841907" />
			<Uid id="25382219" />
			<Uid id="14332998" />
			<Uid id="71376934" />
			<Uid id="216431342" />
			<Uid id="6497162" />
			<Uid id="216431704" />
			<Uid id="889959" />
			<Uid id="199988887" />
			<Uid id="218064612" />
			<Uid id="218074812" />
		</PayType>
    </SupportUid>

    <SupportUserType>
        <PayType id="73">
			<UserType id = "shcar" />
		</PayType>
    </SupportUserType>
	
	<UserTypeOnlyCanUse>
        <UserType id="ali">
			<PayType id = "17" />
			<PayType id = "18" />
			<PayType id = "19" />
			<PayType id = "20" />
			<PayType id = "21" />
		</UserType>
		<UserType id="ali_golden">
			<PayType id = "21" />
		</UserType>
    </UserTypeOnlyCanUse>

    <LimitCartType>
        <PayType id="73">
			<CartType id = "2" />
		</PayType>
    </LimitCartType>

    <LimitPid>
        <PayType id="1">
			<Pid id = "7599" />
		</PayType>
    </LimitPid>

    <LimitPrice>
        <PayType id="28" MinPrice="30000" MaxPrice="5000000" />
        <PayType id="63" MinPrice="30000" MaxPrice="5000000" />
    </LimitPrice>
</ConfigRoot>